{
  "specialist": {
    "balance_stand": {
      "left_leg": 0.25033462047576904,
      "right_leg": 0.1296711564064026,
      "torso": 0.07316163182258606,
      "left_arm": 0.17131949961185455,
      "right_arm": 0.05834359675645828,
      "left_hand": 0.05034590885043144,
      "right_hand": 0.04165524244308472,
      "orientation": 0.037515271455049515,
      "root_vel": 0.01721646636724472,
      "perturbation": 0.0022664780262857676
    },
    "squat": {
      "left_leg": 0.2562991976737976,
      "right_leg": 0.13169538974761963,
      "torso": 0.0697711855173111,
      "left_arm": 0.18067818880081177,
      "right_arm": 0.054553959518671036,
      "left_hand": 0.0581076554954052,
      "right_hand": 0.046747080981731415,
      "orientation": 0.021834846585989,
      "root_vel": 0.022107133641839027,
      "perturbation": 0.0029845433309674263
    },
    "jump": {
      "left_leg": 0.28007110953330994,
      "right_leg": 0.1303967833518982,
      "torso": 0.046476949006319046,
      "left_arm": 0.18365226686000824,
      "right_arm": 0.06010526791214943,
      "left_hand": 0.06156269088387489,
      "right_hand": 0.054508425295352936,
      "orientation": 0.026305565610527992,
      "root_vel": 0.02451360411942005,
      "perturbation": 0.0038191687781363726
    },
    "walk_forward": {
      "left_leg": 0.2581077516078949,
      "right_leg": 0.10784875601530075,
      "torso": 0.06500673294067383,
      "left_arm": 0.176609605550766,
      "right_arm": 0.06177041307091713,
      "left_hand": 0.051671985536813736,
      "right_hand": 0.043885912746191025,
      "orientation": 0.04012994095683098,
      "root_vel": 0.017498910427093506,
      "perturbation": 0.002737523289397359
    },
    "raise_right_hand": {
      "left_leg": 0.25221896171569824,
      "right_leg": 0.12979869544506073,
      "torso": 0.06160033866763115,
      "left_arm": 0.1552785485982895,
      "right_arm": 0.0479394868016243,
      "left_hand": 0.060708679258823395,
      "right_hand": 0.044454723596572876,
      "orientation": 0.03876461833715439,
      "root_vel": 0.012518775649368763,
      "perturbation": 0.022326858714222908
    }
  },
  "vla": {
    "balance_stand": {
      "left_leg": 0.1660163253545761,
      "right_leg": 0.12220536917448044,
      "torso": 0.035380881279706955,
      "left_arm": 0.07623454928398132,
      "right_arm": 0.06097162887454033,
      "left_hand": 0.233912393450737,
      "right_hand": 0.0907251164317131,
      "orientation": 0.057187702506780624,
      "root_vel": 0.04402840882539749,
      "perturbation": 0.007173827849328518
    },
    "squat": {
      "left_leg": 0.17477984726428986,
      "right_leg": 0.12014803290367126,
      "torso": 0.035026565194129944,
      "left_arm": 0.09530556946992874,
      "right_arm": 0.052620649337768555,
      "left_hand": 0.20198050141334534,
      "right_hand": 0.09621807932853699,
      "orientation": 0.06199505180120468,
      "root_vel": 0.03554045781493187,
      "perturbation": 0.00734173646196723
    },
    "jump": {
      "left_leg": 0.17384611070156097,
      "right_leg": 0.12242808192968369,
      "torso": 0.048438772559165955,
      "left_arm": 0.0801907554268837,
      "right_arm": 0.055507611483335495,
      "left_hand": 0.20273719727993011,
      "right_hand": 0.08220353722572327,
      "orientation": 0.05966881662607193,
      "root_vel": 0.03981923311948776,
      "perturbation": 0.007585675921291113
    },
    "walk_forward": {
      "left_leg": 0.17270714044570923,
      "right_leg": 0.13053257763385773,
      "torso": 0.035596273839473724,
      "left_arm": 0.0824275016784668,
      "right_arm": 0.05677998811006546,
      "left_hand": 0.21914158761501312,
      "right_hand": 0.09618021547794342,
      "orientation": 0.055017806589603424,
      "root_vel": 0.04278649389743805,
      "perturbation": 0.007578081451356411
    },
    "raise_right_hand": {
      "left_leg": 0.15561404824256897,
      "right_leg": 0.1187095046043396,
      "torso": 0.03946468234062195,
      "left_arm": 0.08343101292848587,
      "right_arm": 0.05615614354610443,
      "left_hand": 0.2252059429883957,
      "right_hand": 0.08356595039367676,
      "orientation": 0.06395518034696579,
      "root_vel": 0.04048117995262146,
      "perturbation": 0.00766381761059165
    }
  }
}